{"BasicSettingController":{"Data":{"ProgramToRun":"C:\\Users\\Asus\\Desktop\\OOP\\Concurs_programare\\Debug\\Concurs_programare.exe","OptionalWorkingDirectory":"C:\\Users\\Asus\\Desktop\\OOP\\Concurs_programare\\Concurs_programare\\","Arguments":"","CompileBeforeRunning":true,"OptimizedBuild":false},"IsSelectedByProjectPath":{"Concurs_programare\\Concurs_programare.vcxproj":true}},"FilterSettingController":{"AdditionalSourcePatterns":[],"AdditionalModulePatterns":[],"ExcludedSourcePatterns":[{"Value":"Console.c"}],"ExcludedModulePatterns":[],"UnifiedDiffs":[]},"ImportExportSettingController":{"Exports":[],"InputCoverages":[],"CoverChildrenProcesses":false,"AggregateByFile":true},"MiscellaneousSettingController":{"OptionalConfigFile":null,"LogTypeValue":0,"ContinueAfterCppExceptions":false}}